Code,Type,Bucket,Voucher ID
LS971123,text,four,
LS219010,text,four,
LS295838,text,four,
LS398323,text,four,
LS408281,text,four,
LS037239,text,four,
LS363010,text,four,
LS212294,text,four,
LS439481,text,four,
LS158192,text,four,
LS107027,text,four,
LS978200,text,four,
LS664321,text,four,
LS598685,text,four,
LS832133,text,four,
LS284679,text,four,
LS090746,text,four,
LS911107,text,four,
LS727353,text,four,
LS424188,text,four,
LS217865,text,four,
LS082543,text,four,
LS543893,text,four,
LS068569,text,four,
LS854610,text,four,
LS567334,text,four,
LS439177,text,four,
LS801797,text,four,
LS456901,text,four,
LS718576,text,four,
LS577452,text,four,
LS905919,text,four,
LS313576,text,four,
LS830439,text,four,
LS518286,text,four,
LS841844,text,four,
LS906024,text,four,
LS806207,text,four,
LS788501,text,four,
LS078922,text,four,
LS836502,text,four,
LS816825,text,four,
LS828081,text,four,
LS884049,text,four,
LS668935,text,four,
LS464967,text,four,
LS970065,text,four,
LS915615,text,four,
LS057505,text,four,
LS563655,text,four,
LS782193,text,four,
LS252394,text,four,
LS835674,text,four,
LS337167,text,four,
LS365202,text,four,
LS401095,text,four,
LS427396,text,four,
LS664445,text,four,
LS328730,text,four,
LS540182,text,four,
LS295705,text,four,
LS167746,text,four,
LS684319,text,four,
LS575844,text,four,
LS951449,text,four,
LS732553,text,four,
LS654984,text,four,
LS197884,text,four,
LS445353,text,four,
LS750454,text,four,
LS956217,text,four,
LS814678,text,four,
LS750281,text,four,
LS200821,text,four,
LS424922,text,four,
LS524737,text,four,
LS080244,text,four,
LS041596,text,four,
LS005842,text,four,
LS259127,text,four,
LS679893,text,four,
LS697524,text,four,
LS306572,text,four,
LS289177,text,four,
LS132350,text,four,
LS200872,text,four,
LS646091,text,four,
LS603390,text,four,
LS615316,text,four,
LS379437,text,four,
LS557236,text,four,
LS776916,text,four,
LS041571,text,four,
LS689632,text,four,
LS797099,text,four,
LS419045,text,four,
LS648320,text,four,
LS340307,text,four,
LS814971,text,four,
LS874549,text,four,
LS597733,text,four,
LS123819,text,four,
LS574147,text,four,
LS359804,text,four,
LS308855,text,four,
LS333761,text,four,
LS916505,text,four,
LS980856,text,four,
LS520450,text,four,
LS359492,text,four,
LS538172,text,four,
LS347041,text,four,
LS712415,text,four,
LS048740,text,four,
LS562218,text,four,
LS183146,text,four,
LS515940,text,four,
LS132281,text,four,
LS838266,text,four,
LS182174,text,four,
LS342690,text,four,
LS999673,text,four,
LS891421,text,four,
LS605405,text,four,
LS067941,text,four,
LS094865,text,four,
LS539752,text,four,
LS673125,text,four,
LS090094,text,four,
LS046347,text,four,
LS730554,text,four,
LS694386,text,four,
LS483649,text,four,
LS462453,text,four,
LS096605,text,four,
LS787284,text,four,
LS483326,text,four,
LS713433,text,four,
LS097001,text,four,
LS893153,text,four,
LS584102,text,four,
LS849349,text,four,
LS371717,text,four,
LS464845,text,four,
LS716559,text,four,
LS292645,text,four,
LS678870,text,four,
LS982267,text,four,
LS507494,text,four,
LS536217,text,four,
LS066084,text,four,
LS092640,text,four,
LS649498,text,four,
LS501787,text,four,
LS960571,text,four,
LS201437,text,four,
LS648190,text,four,
LS702552,text,four,
LS148888,text,four,
LS574790,text,four,
LS944528,text,four,
LS378091,text,four,
LS352435,text,four,
LS455746,text,four,
LS821496,text,four,
LS039021,text,four,
LS323048,text,four,
LS401767,text,four,
LS744288,text,four,
LS266501,text,four,
LS677824,text,four,
LS413391,text,four,
LS545221,text,four,
LS040912,text,four,
LS926313,text,four,
LS885765,text,four,
LS186294,text,four,
LS542585,text,four,
LS979839,text,four,
LS798261,text,four,
LS354629,text,four,
LS539102,text,four,
LS345618,text,four,
LS530115,text,four,
LS430178,text,four,
LS900045,text,four,
LS491369,text,four,
LS677985,text,four,
LS730764,text,four,
LS686600,text,four,
LS100607,text,four,
LS606105,text,four,
LS229155,text,four,
LS921251,text,four,
LS556425,text,four,
LS346706,text,four,
LS439372,text,four,
LS204668,text,four,
LS903058,text,four,
LS234309,text,four,
LS177616,text,four,
LS811635,text,four,
LS901320,text,four,
LS186364,text,four,
LS090752,text,four,
LS306324,text,four,
LS643333,text,four,
LS978022,text,four,
LS253714,text,four,
LS685097,text,four,
LS952028,text,four,
LS340135,text,four,
LS784157,text,four,
LS819774,text,four,
LS713316,text,four,
LS144863,text,four,
LS076669,text,four,
LS593645,text,four,
LS239556,text,four,
LS444300,text,four,
LS275276,text,four,
LS994056,text,four,
LS982356,text,four,
LS772546,text,four,
LS306832,text,four,
LS017413,text,four,
LS194918,text,four,
LS208658,text,four,
LS496481,text,four,
LS982880,text,four,
LS091410,text,four,
LS939348,text,four,
LS159517,text,four,
LS998290,text,four,
LS153983,text,four,
LS731100,text,four,
LS939383,text,four,
LS812236,text,four,
LS647543,text,four,
LS420255,text,four,
LS566559,text,four,
LS923569,text,four,
LS832621,text,four,
LS006734,text,four,
LS692041,text,four,
LS077400,text,four,
LS361725,text,four,
LS695791,text,four,
LS479255,text,four,
LS305401,text,four,
LS297770,text,four,
LS047853,text,four,
LS899308,text,four,
LS055911,text,four,
LS652427,text,four,
LS266585,text,four,
LS796859,text,four,
LS472891,text,four,
LS180177,text,four,
LS475750,text,four,
LS659065,text,four,
LS246689,text,four,
LS775389,text,four,
LS886963,text,four,
LS773642,text,four,
LS215427,text,four,
LS471657,text,four,
LS024413,text,four,
LS412511,text,four,
LS728282,text,four,
LS243434,text,four,
LS581339,text,four,
LS789883,text,four,
LS084273,text,four,
LS889979,text,four,
LS272474,text,four,
LS673651,text,four,
LS694892,text,four,
LS365056,text,four,
LS766318,text,four,
LS110123,text,four,
LS027665,text,four,
LS426379,text,four,
LS226455,text,four,
LS730969,text,four,
LS674369,text,four,
LS326594,text,four,
LS629359,text,four,
LS055453,text,four,
LS736506,text,four,
LS427452,text,four,
LS379402,text,four,
LS123578,text,four,
LS860915,text,four,
LS844489,text,four,
LS306452,text,four,
LS353938,text,four,
LS017293,text,four,
LS579460,text,four,
LS280244,text,four,
LS409396,text,four,
LS861509,text,four,
LS641405,text,four,
LS717443,text,four,
LS280775,text,four,
LS181058,text,four,
LS808216,text,four,
LS492988,text,four,
LS086920,text,four,
LS852382,text,four,
LS909815,text,four,
LS796534,text,four,
LS843531,text,four,
LS145845,text,four,
LS942894,text,four,
LS993328,text,four,
LS944173,text,four,
LS081142,text,four,
LS153211,text,four,
LS638296,text,four,
LS399763,text,four,
LS887927,text,four,
LS703620,text,four,
LS718435,text,four,
LS816495,text,four,
LS982994,text,four,
LS297900,text,four,
LS236002,text,four,
LS911708,text,four,
LS671736,text,four,
LS681748,text,four,
LS444732,text,four,
LS379496,text,four,
LS145876,text,four,
LS308726,text,four,
LS661262,text,four,
LS309800,text,four,
LS894474,text,four,
LS621844,text,four,
LS276670,text,four,
LS576068,text,four,
LS967770,text,four,
LS053637,text,four,
LS094422,text,four,
LS218999,text,four,
LS400698,text,four,
LS615018,text,four,
LS791533,text,four,
LS173750,text,four,
LS340731,text,four,
LS002671,text,four,
LS710080,text,four,
LS712263,text,four,
LS675789,text,four,
LS798664,text,four,
LS667261,text,four,
LS717270,text,four,
LS074092,text,four,
LS598825,text,four,
LS808144,text,four,
LS544575,text,four,
LS274234,text,four,
LS426059,text,four,
LS641709,text,four,
LS699000,text,four,
LS174655,text,four,
LS406886,text,four,
LS140227,text,four,
LS141081,text,four,
LS175483,text,four,
LS095840,text,four,
LS001360,text,four,
LS793846,text,four,
LS226966,text,four,
LS984343,text,four,
LS113898,text,four,
LS665745,text,four,
LS522126,text,four,
LS324318,text,four,
LS726095,text,four,
LS112324,text,four,
LS323859,text,four,
LS429401,text,four,
LS464755,text,four,
LS045031,text,four,
LS924532,text,four,
LS318702,text,four,
LS245141,text,four,
LS008544,text,four,
LS434139,text,four,
LS399086,text,four,
LS494786,text,four,
LS405088,text,four,
LS813337,text,four,
LS345358,text,four,
LS421840,text,four,
LS296576,text,four,
LS917358,text,four,
LS795281,text,four,
LS215560,text,four,
LS803170,text,four,
LS462520,text,four,
LS729843,text,four,
LS926054,text,four,
LS754075,text,four,
LS517232,text,four,
LS444188,text,four,
LS486369,text,four,
LS108963,text,four,
LS210067,text,four,
LS970894,text,four,
LS646903,text,four,
LS265201,text,four,
LS376462,text,four,
LS037285,text,four,
LS328066,text,four,
LS941488,text,four,
LS404319,text,four,
LS836655,text,four,
LS999495,text,four,
LS521211,text,four,
LS211179,text,four,
LS367375,text,four,
LS856965,text,four,
LS773559,text,four,
LS736520,text,four,
LS853374,text,four,
LS462602,text,four,
LS991717,text,four,
LS791743,text,four,
LS960842,text,four,
LS795660,text,four,
LS824216,text,four,
LS848264,text,four,
LS794345,text,four,
LS093340,text,four,
LS882874,text,four,
LS819799,text,four,
LS206257,text,four,
LS023762,text,four,
LS078460,text,four,
LS550040,text,four,
LS725917,text,four,
LS917550,text,four,
LS937847,text,four,
LS877278,text,four,
LS397290,text,four,
LS340219,text,four,
LS418698,text,four,
LS061577,text,four,
LS449671,text,four,
LS166265,text,four,
LS885622,text,four,
LS263267,text,four,
LS250384,text,four,
LS992927,text,four,
LS156294,text,four,
LS679276,text,four,
LS528743,text,four,
LS730402,text,four,
LS480996,text,four,
LS939109,text,four,
LS617306,text,four,
LS738259,text,four,
LS140858,text,four,
LS264878,text,four,
LS942794,text,four,
LS495109,text,four,
LS640734,text,four,
LS209388,text,four,
LS127139,text,four,
LS896189,text,four,
LS963668,text,four,
LS760839,text,four,
LS636934,text,four,
LS909505,text,four,
LS287558,text,four,
LS781878,text,four,
LS089728,text,four,
LS577690,text,four,
LS902109,text,four,
LS832523,text,four,
LS110004,text,four,
LS229495,text,four,
LS122137,text,four,
LS408913,text,four,
LS816726,text,four,
LS886597,text,four,
LS351176,text,four,
LS573533,text,four,
LS080102,text,four,
LS543624,text,four,
LS034432,text,four,
LS193074,text,four,
LS772588,text,four,
LS527698,text,four,
LS003976,text,four,
LS852061,text,four,
LS014758,text,four,
LS948443,text,four,
LS908156,text,one,
LS382493,text,one,
LS617920,text,one,
LS687254,text,one,
LS590736,text,one,
LS712503,text,one,
LS486046,text,one,
LS980498,text,one,
LS186304,text,one,
LS162744,text,one,
LS635149,text,one,
LS397140,text,one,
LS287487,text,one,
LS143842,text,one,
LS505911,text,one,
LS759298,text,one,
LS541685,text,one,
LS757059,text,one,
LS030957,text,one,
LS378185,text,one,
LS747192,text,one,
LS239253,text,one,
LS730733,text,one,
LS299835,text,one,
LS631473,text,one,
LS298889,text,one,
LS473041,text,one,
LS620330,text,one,
LS600948,text,one,
LS550235,text,one,
LS682522,text,one,
LS427363,text,one,
LS343113,text,one,
LS281797,text,one,
LS866029,text,one,
LS538947,text,one,
LS471543,text,one,
LS774049,text,one,
LS297941,text,one,
LS512648,text,one,
LS068016,text,one,
LS518532,text,one,
LS212679,text,one,
LS634372,text,one,
LS266169,text,one,
LS401382,text,one,
LS213123,text,one,
LS802961,text,one,
LS301977,text,one,
LS046002,text,one,
LS164517,text,one,
LS087496,text,one,
LS268927,text,one,
LS219294,text,one,
LS637200,text,one,
LS351660,text,one,
LS758870,text,one,
LS051251,text,one,
LS099055,text,one,
LS438692,text,one,
LS345102,text,one,
LS124876,text,one,
LS848422,text,one,
LS797429,text,one,
LS747165,text,one,
LS447109,text,one,
LS745287,text,one,
LS611958,text,one,
LS008868,text,one,
LS601040,text,one,
LS612806,text,one,
LS204932,text,one,
LS687032,text,one,
LS165139,text,one,
LS749934,text,one,
LS116436,text,one,
LS161244,text,one,
LS420918,text,one,
LS180168,text,one,
LS333103,text,one,
LS581989,text,one,
LS436197,text,one,
LS472549,text,one,
LS043308,text,one,
LS891922,text,one,
LS494023,text,one,
LS816360,text,one,
LS809430,text,one,
LS162776,text,one,
LS791904,text,one,
LS752451,text,one,
LS516905,text,one,
LS717780,text,one,
LS543549,text,one,
LS980356,text,one,
LS099848,text,one,
LS677107,text,one,
LS215250,text,one,
LS757216,text,one,
LS089222,text,one,
LS478726,text,one,
LS634367,text,one,
LS955173,text,one,
LS763395,text,one,
LS616485,text,one,
LS096001,text,one,
LS091548,text,one,
LS650736,text,one,
LS732614,text,one,
LS921865,text,one,
LS152997,text,one,
LS513691,text,one,
LS714861,text,one,
LS567411,text,one,
LS076795,text,one,
LS654241,text,one,
LS585572,text,one,
LS053739,text,one,
LS161130,text,one,
LS728026,text,one,
LS915992,text,one,
LS932175,text,one,
LS452133,text,one,
LS573018,text,one,
LS276633,text,one,
LS972536,text,one,
LS712752,text,one,
LS184262,text,one,
LS645938,text,one,
LS864208,text,one,
LS331334,text,one,
LS154599,text,one,
LS437997,text,one,
LS441899,text,one,
LS342331,text,one,
LS941255,text,one,
LS155967,text,one,
LS949222,text,one,
LS211624,text,one,
LS994762,text,one,
LS136242,text,one,
LS477805,text,one,
LS819596,text,one,
LS852130,text,one,
LS080180,text,one,
LS183618,text,one,
LS361077,text,one,
LS205780,text,one,
LS901225,text,one,
LS968998,text,one,
LS214588,text,one,
LS815925,text,one,
LS446856,text,one,
LS072059,text,one,
LS069415,text,one,
LS941579,text,one,
LS044891,text,one,
LS443490,text,one,
LS085135,text,one,
LS430714,text,one,
LS135949,text,one,
LS496158,text,one,
LS151961,text,one,
LS624792,text,one,
LS580845,text,one,
LS734749,text,one,
LS683335,text,one,
LS202289,text,one,
LS671409,text,one,
LS147147,text,one,
LS676391,text,one,
LS176005,text,one,
LS401350,text,one,
LS973986,text,one,
LS360894,text,one,
LS358282,text,one,
LS095626,text,one,
LS699250,text,one,
LS170171,text,one,
LS558996,text,one,
LS813684,text,one,
LS509800,text,one,
LS021582,text,one,
LS288600,text,one,
LS235154,text,one,
LS083417,text,one,
LS931012,text,one,
LS203607,text,one,
LS503808,text,one,
LS292857,text,one,
LS766231,text,one,
LS709181,text,one,
LS746524,text,one,
LS069894,text,one,
LS477973,text,one,
LS431519,text,one,
LS631555,text,one,
LS335041,text,one,
LS266967,text,one,
LS847788,text,one,
LS852627,text,one,
LS474446,text,one,
LS752781,text,one,
LS827049,text,one,
LS067727,text,one,
LS750193,text,one,
LS098251,text,one,
LS119935,text,one,
LS658700,text,one,
LS559364,text,one,
LS882766,text,one,
LS554509,text,one,
LS721567,text,one,
LS999236,text,one,
LS085170,text,one,
LS107650,text,one,
LS746127,text,one,
LS029684,text,one,
LS356884,text,one,
LS730206,text,one,
LS899576,text,one,
LS555752,text,one,
LS044092,text,one,
LS897181,text,one,
LS984065,text,one,
LS034613,text,one,
LS764742,text,one,
LS150139,text,one,
LS753067,text,one,
LS620691,text,one,
LS075864,text,one,
LS482367,text,one,
LS172136,text,one,
LS504337,text,one,
LS819145,text,one,
LS105681,text,one,
LS193442,text,one,
LS608393,text,one,
LS120163,text,one,
LS041859,text,one,
LS249858,text,one,
LS666759,text,one,
LS746841,text,one,
LS879870,text,one,
LS898974,text,one,
LS918015,text,one,
LS448405,text,one,
LS401086,text,one,
LS927785,text,one,
LS186242,text,one,
LS730450,text,one,
LS400875,text,one,
LS313553,text,one,
LS576722,text,one,
LS433892,text,one,
LS617912,text,one,
LS897451,text,one,
LS065927,text,one,
LS257121,text,one,
LS346380,text,one,
LS751523,text,one,
LS177957,text,one,
LS924864,text,one,
LS175069,text,one,
LS115030,text,one,
LS935766,text,one,
LS058513,text,one,
LS616616,text,one,
LS607709,text,one,
LS650890,text,one,
LS380593,text,one,
LS892723,text,one,
LS357489,text,one,
LS240720,text,one,
LS163632,text,one,
LS206468,text,one,
LS556516,text,one,
LS013509,text,one,
LS096625,text,one,
LS055716,text,one,
LS118041,text,one,
LS633745,text,one,
LS556348,text,one,
LS915350,text,one,
LS421486,text,one,
LS436562,text,one,
LS468426,text,one,
LS986773,text,one,
LS751934,text,one,
LS119129,text,one,
LS430505,text,one,
LS144151,text,one,
LS148134,text,one,
LS031413,text,one,
LS796739,text,one,
LS047668,text,one,
LS453657,text,one,
LS273419,text,one,
LS789570,text,one,
LS863597,text,one,
LS154656,text,one,
LS851551,text,one,
LS058603,text,one,
LS802960,text,one,
LS711115,text,one,
LS281319,text,one,
LS029478,text,one,
LS759398,text,one,
LS155171,text,one,
LS530950,text,one,
LS714370,text,one,
LS226961,text,one,
LS548407,text,one,
LS786266,text,one,
LS172805,text,one,
LS311130,text,one,
LS445727,text,one,
LS815043,text,one,
LS134270,text,one,
LS513692,text,one,
LS282315,text,one,
LS885821,text,one,
LS386827,text,one,
LS602053,text,one,
LS850402,text,one,
LS801688,text,one,
LS182570,text,one,
LS868524,text,one,
LS500709,text,one,
LS253125,text,one,
LS223026,text,one,
LS871696,text,one,
LS789817,text,one,
LS830595,text,one,
LS083846,text,one,
LS605546,text,one,
LS754021,text,one,
LS978552,text,one,
LS915142,text,one,
LS896415,text,one,
LS689563,text,one,
LS741459,text,one,
LS389150,text,one,
LS660964,text,one,
LS654221,text,one,
LS346155,text,one,
LS277551,text,one,
LS297725,text,one,
LS267741,text,one,
LS614866,text,one,
LS011160,text,one,
LS693018,text,one,
LS359290,text,one,
LS292443,text,one,
LS296439,text,one,
LS614734,text,one,
LS899674,text,one,
LS874977,text,one,
LS428530,text,one,
LS350607,text,one,
LS598499,text,one,
LS127709,text,one,
LS687404,text,one,
LS475606,text,one,
LS090008,text,one,
LS131655,text,one,
LS427907,text,one,
LS501770,text,one,
LS327561,text,one,
LS942630,text,one,
LS867345,text,one,
LS237106,text,one,
LS862522,text,one,
LS987835,text,one,
LS553249,text,one,
LS933135,text,one,
LS652252,text,one,
LS029540,text,one,
LS852082,text,one,
LS729619,text,one,
LS971182,text,one,
LS308636,text,one,
LS647458,text,one,
LS718066,text,one,
LS571963,text,one,
LS789328,text,one,
LS004292,text,one,
LS678502,text,one,
LS902628,text,one,
LS286556,text,one,
LS719788,text,one,
LS289667,text,one,
LS560198,text,one,
LS897350,text,one,
LS079960,text,one,
LS288605,text,one,
LS992895,text,one,
LS087763,text,one,
LS935863,text,one,
LS837040,text,one,
LS063857,text,one,
LS211988,text,one,
LS431164,text,one,
LS660332,text,one,
LS598508,text,one,
LS158982,text,one,
LS932314,text,one,
LS013974,text,one,
LS539105,text,one,
LS029600,text,one,
LS490683,text,one,
LS626373,text,one,
LS059312,text,one,
LS072354,text,one,
LS638482,text,one,
LS384221,text,one,
LS642412,text,one,
LS473929,text,one,
LS404009,text,one,
LS300986,text,one,
LS733774,text,one,
LS882011,text,one,
LS364021,text,one,
LS006623,text,one,
LS469606,text,one,
LS544683,text,one,
LS666454,text,one,
LS462178,text,one,
LS376729,text,one,
LS875190,text,one,
LS052343,text,one,
LS613142,text,one,
LS933977,text,one,
LS561106,text,one,
LS230716,text,one,
LS314073,text,one,
LS653049,text,one,
LS706846,text,one,
LS732457,text,one,
LS833900,text,one,
LS652098,text,one,
LS703696,text,one,
LS979994,text,one,
LS135933,text,one,
LS775670,text,one,
LS946854,text,one,
LS646512,text,one,
LS773654,text,one,
LS985282,text,one,
LS670505,text,one,
LS494288,text,one,
LS338673,text,one,
LS743585,text,one,
LS957767,text,one,
LS190323,text,one,
LS068580,text,one,
LS573986,text,one,
LS927405,text,one,
LS980160,text,one,
LS912840,text,one,
LS065824,text,one,
LS177267,text,one,
LS975120,text,one,
LS077799,text,one,
LS358141,text,one,
LS501957,text,one,
LS807229,text,one,
LS153485,text,one,
LS302543,text,one,
LS969986,text,one,
LS231626,text,one,
LS115425,text,one,
LS614457,text,one,
LS148040,text,one,
LS778759,text,one,
LS202160,text,one,
LS497465,text,one,
LS357670,text,one,
LS426055,text,one,
LS116510,text,one,
LS910502,text,one,
LS203496,text,one,
LS365413,text,one,
LS335245,text,one,
LS838487,text,one,
LS600938,text,one,
LS744301,text,one,
LS891495,text,one,
LS083268,text,one,
LS574200,text,one,
LS246520,text,one,
LS532301,text,one,
LS013126,text,one,
LS927487,text,one,
LS773439,text,one,
LS149737,text,one,
LS062024,text,one,
LS244071,text,one,
LS946624,text,one,
LS893121,text,one,
LS889223,text,one,
LS183111,text,one,
LS211090,text,one,
LS357714,text,one,
LS150980,text,one,
LS012534,text,one,
LS023170,text,one,
LS538106,text,one,
LS955234,text,one,
LS199781,text,one,
LS970673,text,one,
LS139578,text,one,
LS138958,text,one,
LS649720,text,one,
LS843101,text,one,
LS171804,text,one,
LS429653,text,one,
LS128897,text,one,
LS789578,text,one,
LS775840,text,one,
LS935622,text,one,
LS283906,text,one,
LS916926,text,one,
LS050170,text,one,
LS043034,text,one,
LS591516,text,one,
LS375191,text,one,
LS643535,text,one,
LS715194,text,one,
LS432016,text,one,
LS636997,text,one,
LS295620,text,one,
LS474099,text,one,
LS105738,text,one,
LS722608,text,one,
LS368778,text,one,
LS742873,text,one,
LS254371,text,one,
LS217031,text,one,
LS824304,text,one,
LS051746,text,one,
LS170798,text,one,
LS743399,text,one,
LS319964,text,one,
LS001144,text,one,
LS458549,text,one,
LS273517,text,one,
LS466781,text,one,
LS981584,text,one,
LS170525,text,one,
LS792021,text,one,
LS713301,text,one,
LS080313,text,one,
LS436109,text,one,
LS435987,text,one,
LS336185,text,one,
LS063911,text,one,
LS556280,text,one,
LS167319,text,one,
LS777749,text,one,
LS487301,text,one,
LS962860,text,one,
LS755633,text,one,
LS166329,text,one,
LS516354,text,one,
LS636001,text,one,
LS858541,text,one,
LS846104,text,one,
LS445604,text,one,
LS069837,text,one,
LS869042,text,one,
LS111108,text,one,
LS510195,text,one,
LS957649,text,one,
LS041844,text,one,
LS001173,text,one,
LS030618,text,one,
LS978000,text,one,
LS887171,text,one,
LS834805,text,one,
LS832929,text,one,
LS306583,text,one,
LS492483,text,one,
LS832634,text,one,
LS194700,text,one,
LS561080,text,one,
LS558109,text,one,
LS156129,text,one,
LS971124,text,one,
LS925850,text,one,
LS064209,text,one,
LS399854,text,one,
LS970598,text,one,
LS279804,text,one,
LS804902,text,one,
LS120341,text,one,
LS706653,text,one,
LS574153,text,one,
LS242737,text,one,
LS146341,text,one,
LS846078,text,one,
LS466457,text,one,
LS415648,text,one,
LS702184,text,one,
LS987443,text,one,
LS574263,text,one,
LS910567,text,one,
LS522795,text,one,
LS520694,text,one,
LS348295,text,one,
LS563966,text,one,
LS994427,text,one,
LS043805,text,one,
LS823093,text,one,
LS684243,text,one,
LS884398,text,one,
LS659094,text,one,
LS591290,text,one,
LS308314,text,one,
LS331690,text,one,
LS664169,text,one,
LS162094,text,one,
LS226065,text,one,
LS153598,text,one,
LS987786,text,one,
LS296710,text,one,
LS032697,text,one,
LS362730,text,one,
LS814929,text,one,
LS966709,text,one,
LS089028,text,one,
LS709141,text,one,
LS226297,text,one,
LS100765,text,one,
LS102037,text,one,
LS763964,text,one,
LS615006,text,one,
LS261738,text,one,
LS737553,text,one,
LS029202,text,one,
LS721115,text,one,
LS529832,text,one,
LS997044,text,one,
LS654678,text,one,
LS078469,text,one,
LS863489,text,one,
LS367449,text,one,
LS870490,text,one,
LS401821,text,one,
LS453999,text,one,
LS546021,text,one,
LS405821,text,one,
LS970606,text,one,
LS214255,text,one,
LS845967,text,one,
LS473284,text,one,
LS633026,text,one,
LS480705,text,one,
LS278058,text,one,
LS214847,text,one,
LS636559,text,one,
LS473307,text,one,
LS300832,text,one,
LS358955,text,one,
LS357835,text,one,
LS938891,text,one,
LS537529,text,one,
LS068994,text,one,
LS828242,text,one,
LS576437,text,one,
LS762027,text,one,
LS432979,text,one,
LS135917,text,one,
LS310356,text,one,
LS229290,text,one,
LS920089,text,one,
LS688356,text,one,
LS560431,text,one,
LS511364,text,one,
LS364633,text,one,
LS391229,text,one,
LS587537,text,one,
LS857832,text,one,
LS269033,text,one,
LS446759,text,one,
LS669984,text,one,
LS662349,text,one,
LS484085,text,one,
LS794918,text,one,
LS800788,text,one,
LS473536,text,one,
LS710238,text,one,
LS636952,text,one,
LS259371,text,one,
LS617474,text,one,
LS838485,text,one,
LS019429,text,one,
LS457651,text,one,
LS821275,text,one,
LS007698,text,one,
LS195361,text,three,
LS058953,text,three,
LS549821,text,three,
LS710386,text,three,
LS321985,text,three,
LS628992,text,three,
LS129698,text,three,
LS480733,text,three,
LS254762,text,three,
LS000705,text,three,
LS197519,text,three,
LS705188,text,three,
LS737714,text,three,
LS961810,text,three,
LS655674,text,three,
LS121422,text,three,
LS566942,text,three,
LS970808,text,three,
LS640921,text,three,
LS977166,text,three,
LS802472,text,three,
LS934993,text,three,
LS787297,text,three,
LS184305,text,three,
LS818508,text,three,
LS195447,text,three,
LS747600,text,three,
LS369214,text,three,
LS725464,text,three,
LS309746,text,three,
LS936898,text,three,
LS198382,text,three,
LS258615,text,three,
LS924328,text,three,
LS763685,text,three,
LS126184,text,three,
LS369853,text,three,
LS763501,text,three,
LS750296,text,three,
LS551786,text,three,
LS923711,text,three,
LS320696,text,three,
LS380807,text,three,
LS703296,text,three,
LS843140,text,three,
LS247418,text,three,
LS034331,text,three,
LS159291,text,three,
LS754091,text,three,
LS148631,text,three,
LS798768,text,three,
LS304625,text,three,
LS705887,text,three,
LS310917,text,three,
LS630472,text,three,
LS496356,text,three,
LS972669,text,three,
LS294277,text,three,
LS377205,text,three,
LS039709,text,three,
LS479837,text,three,
LS273186,text,three,
LS768803,text,three,
LS750915,text,three,
LS529248,text,three,
LS100731,text,three,
LS264354,text,three,
LS436142,text,three,
LS141710,text,three,
LS439427,text,three,
LS856113,text,three,
LS215622,text,three,
LS633614,text,three,
LS062905,text,three,
LS937071,text,three,
LS399436,text,three,
LS786398,text,three,
LS234061,text,three,
LS328010,text,three,
LS262916,text,three,
LS886356,text,three,
LS669167,text,three,
LS375122,text,three,
LS133409,text,three,
LS651266,text,three,
LS062374,text,three,
LS846203,text,three,
LS520044,text,three,
LS255173,text,three,
LS274445,text,three,
LS779224,text,three,
LS334300,text,three,
LS199520,text,three,
LS315932,text,three,
LS993909,text,three,
LS253368,text,three,
LS351960,text,three,
LS398595,text,three,
LS753010,text,three,
LS561374,text,three,
LS071789,text,three,
LS602318,text,three,
LS052786,text,three,
LS167904,text,three,
LS321886,text,three,
LS453024,text,three,
LS887273,text,three,
LS107944,text,three,
LS642119,text,three,
LS514751,text,three,
LS500589,text,three,
LS789534,text,three,
LS755932,text,three,
LS068768,text,three,
LS920483,text,three,
LS834999,text,three,
LS559000,text,three,
LS559454,text,three,
LS598013,text,three,
LS356435,text,three,
LS186117,text,three,
LS909946,text,three,
LS116765,text,three,
LS052575,text,three,
LS062289,text,three,
LS195348,text,three,
LS218573,text,three,
LS880656,text,three,
LS861143,text,three,
LS716614,text,three,
LS710675,text,three,
LS071403,text,three,
LS504669,text,three,
LS691904,text,three,
LS645617,text,three,
LS941517,text,three,
LS865502,text,three,
LS561896,text,three,
LS270815,text,three,
LS599994,text,three,
LS365141,text,three,
LS970584,text,three,
LS483388,text,three,
LS573433,text,three,
LS051069,text,three,
LS006997,text,three,
LS689858,text,three,
LS216868,text,three,
LS715430,text,three,
LS850451,text,three,
LS040772,text,three,
LS534084,text,three,
LS818142,text,three,
LS500456,text,three,
LS005295,text,three,
LS084242,text,three,
LS057850,text,three,
LS861550,text,three,
LS189964,text,three,
LS955699,text,three,
LS852708,text,three,
LS667752,text,three,
LS103430,text,three,
LS716237,text,three,
LS270707,text,three,
LS023934,text,three,
LS215135,text,three,
LS052570,text,three,
LS083187,text,three,
LS777242,text,three,
LS975696,text,three,
LS417016,text,three,
LS780834,text,three,
LS735500,text,three,
LS381385,text,three,
LS850373,text,three,
LS255609,text,three,
LS891917,text,three,
LS414738,text,three,
LS573290,text,three,
LS066206,text,three,
LS922391,text,three,
LS128656,text,three,
LS021201,text,three,
LS378484,text,three,
LS421278,text,three,
LS513789,text,three,
LS480231,text,three,
LS242914,text,three,
LS359820,text,three,
LS237596,text,three,
LS004554,text,three,
LS123298,text,three,
LS547019,text,three,
LS518813,text,three,
LS142125,text,three,
LS248454,text,three,
LS545239,text,three,
LS117176,text,three,
LS038700,text,three,
LS172500,text,three,
LS214550,text,three,
LS138053,text,three,
LS672803,text,three,
LS240156,text,three,
LS599447,text,three,
LS367079,text,three,
LS182832,text,three,
LS008467,text,three,
LS123325,text,three,
LS522787,text,three,
LS495759,text,three,
LS883730,text,three,
LS530197,text,three,
LS042228,text,three,
LS751166,text,three,
LS423002,text,three,
LS187267,text,three,
LS389893,text,three,
LS796299,text,three,
LS235491,text,three,
LS220393,text,three,
LS485652,text,three,
LS080668,text,three,
LS665373,text,three,
LS067579,text,three,
LS867351,text,three,
LS495214,text,three,
LS498356,text,three,
LS383428,text,three,
LS264750,text,three,
LS881065,text,three,
LS253565,text,three,
LS431987,text,three,
LS661023,text,three,
LS608631,text,three,
LS515963,text,three,
LS273549,text,three,
LS784301,text,three,
LS559227,text,three,
LS674632,text,three,
LS154439,text,three,
LS197542,text,three,
LS561248,text,three,
LS639347,text,three,
LS529293,text,three,
LS845164,text,three,
LS858677,text,three,
LS422919,text,three,
LS880470,text,three,
LS449792,text,three,
LS027653,text,three,
LS423573,text,three,
LS851689,text,three,
LS981107,text,three,
LS448230,text,three,
LS782143,text,three,
LS315567,text,three,
LS356913,text,three,
LS717204,text,three,
LS949083,text,three,
LS622239,text,three,
LS210102,text,three,
LS018004,text,three,
LS887856,text,three,
LS866345,text,three,
LS861540,text,three,
LS062618,text,three,
LS102854,text,three,
LS722061,text,three,
LS686929,text,three,
LS870986,text,three,
LS569519,text,three,
LS077507,text,three,
LS907418,text,three,
LS246148,text,three,
LS824103,text,three,
LS294816,text,three,
LS529656,text,three,
LS602247,text,three,
LS677743,text,three,
LS829287,text,three,
LS884722,text,three,
LS216059,text,three,
LS644624,text,three,
LS766937,text,three,
LS112164,text,three,
LS328084,text,three,
LS553687,text,three,
LS948706,text,three,
LS355476,text,three,
LS643631,text,three,
LS864453,text,three,
LS898185,text,three,
LS702612,text,three,
LS891274,text,three,
LS578473,text,three,
LS934801,text,three,
LS483794,text,three,
LS650052,text,three,
LS955456,text,three,
LS190201,text,three,
LS392083,text,three,
LS110978,text,three,
LS649308,text,three,
LS158450,text,three,
LS592857,text,three,
LS456375,text,three,
LS577822,text,three,
LS257675,text,three,
LS463976,text,three,
LS088076,text,three,
LS940030,text,three,
LS321670,text,three,
LS108729,text,three,
LS693259,text,three,
LS198336,text,three,
LS126114,text,three,
LS313387,text,three,
LS908670,text,three,
LS469731,text,three,
LS355231,text,three,
LS654352,text,three,
LS364805,text,three,
LS114530,text,three,
LS059528,text,three,
LS958924,text,three,
LS545858,text,three,
LS979865,text,three,
LS516486,text,three,
LS605267,text,three,
LS786387,text,three,
LS983232,text,three,
LS458080,text,three,
LS344525,text,three,
LS805150,text,three,
LS184313,text,three,
LS674018,text,three,
LS815135,text,three,
LS094814,text,three,
LS391470,text,three,
LS959616,text,three,
LS590997,text,three,
LS716233,text,three,
LS594587,text,three,
LS648626,text,three,
LS657259,text,three,
LS747400,text,three,
LS051558,text,three,
LS527265,text,three,
LS022952,text,three,
LS994278,text,three,
LS358835,text,three,
LS488574,text,three,
LS779877,text,three,
LS596979,text,three,
LS614085,text,three,
LS115139,text,three,
LS625321,text,three,
LS403415,text,three,
LS129860,text,three,
LS669081,text,three,
LS868920,text,three,
LS225095,text,three,
LS646513,text,three,
LS308369,text,three,
LS073178,text,three,
LS761481,text,three,
LS301332,text,three,
LS935851,text,three,
LS187178,text,three,
LS635936,text,three,
LS995262,text,three,
LS691381,text,three,
LS043745,text,three,
LS882098,text,three,
LS290533,text,three,
LS966377,text,three,
LS752061,text,three,
LS924772,text,three,
LS284278,text,three,
LS140744,text,three,
LS585015,text,three,
LS888590,text,three,
LS506734,text,three,
LS861341,text,three,
LS708873,text,three,
LS348921,text,three,
LS679857,text,three,
LS878099,text,three,
LS424583,text,three,
LS007515,text,three,
LS036107,text,three,
LS794665,text,three,
LS950775,text,three,
LS664084,text,three,
LS404235,text,three,
LS246377,text,three,
LS704587,text,three,
LS909685,text,three,
LS568454,text,three,
LS548884,text,three,
LS587831,text,three,
LS514625,text,three,
LS330887,text,three,
LS905187,text,three,
LS087794,text,three,
LS367916,text,three,
LS632284,text,three,
LS244633,text,three,
LS432581,text,three,
LS918233,text,three,
LS172542,text,three,
LS432276,text,three,
LS342524,text,three,
LS715521,text,three,
LS635364,text,three,
LS589679,text,three,
LS831142,text,three,
LS617588,text,three,
LS881147,text,three,
LS121655,text,three,
LS772940,text,three,
LS744399,text,three,
LS479182,text,three,
LS249643,text,three,
LS014017,text,three,
LS716115,text,three,
LS719004,text,three,
LS119066,text,three,
LS460334,text,three,
LS949225,text,three,
LS093495,text,three,
LS343117,text,three,
LS194921,text,three,
LS495615,text,three,
LS537474,text,three,
LS983835,text,three,
LS558292,text,three,
LS678291,text,three,
LS237898,text,three,
LS255352,text,three,
LS597362,text,three,
LS860667,text,three,
LS016526,text,three,
LS958450,text,three,
LS899252,text,three,
LS803225,text,three,
LS853828,text,three,
LS579386,text,three,
LS797538,text,three,
LS708623,text,three,
LS411925,text,three,
LS177183,text,three,
LS275550,text,three,
LS303544,text,three,
LS851990,text,three,
LS388256,text,three,
LS699726,text,three,
LS541960,text,three,
LS792427,text,three,
LS551578,text,three,
LS823125,text,three,
LS098388,text,three,
LS231061,text,three,
LS767555,text,three,
LS517969,text,three,
LS887544,text,three,
LS564303,text,three,
LS258002,text,three,
LS283606,text,three,
LS736774,text,three,
LS683655,text,three,
LS393398,text,three,
LS026409,text,three,
LS295025,text,three,
LS880398,text,three,
LS341824,text,three,
LS573719,text,three,
LS078505,text,three,
LS856203,text,three,
LS241400,text,three,
LS879961,text,three,
LS519116,text,three,
LS286761,text,three,
LS688558,text,three,
LS337997,text,three,
LS741738,text,three,
LS438768,text,three,
LS602051,text,three,
LS638477,text,three,
LS140668,text,three,
LS361964,text,three,
LS205097,text,three,
LS936318,text,three,
LS914812,text,three,
LS403785,text,three,
LS357621,text,three,
LS595938,text,three,
LS092147,text,three,
LS606500,text,two,
LS972883,text,two,
LS537285,text,two,
LS654327,text,two,
LS021866,text,two,
LS712260,text,two,
LS812883,text,two,
LS887647,text,two,
LS974883,text,two,
LS943491,text,two,
LS262513,text,two,
LS163175,text,two,
LS593285,text,two,
LS181002,text,two,
LS242918,text,two,
LS097485,text,two,
LS687023,text,two,
LS719686,text,two,
LS570947,text,two,
LS815545,text,two,
LS850369,text,two,
LS138758,text,two,
LS236063,text,two,
LS350138,text,two,
LS675041,text,two,
LS727170,text,two,
LS726419,text,two,
LS047100,text,two,
LS325338,text,two,
LS237048,text,two,
LS783730,text,two,
LS805090,text,two,
LS062714,text,two,
LS244128,text,two,
LS311799,text,two,
LS378389,text,two,
LS794713,text,two,
LS585238,text,two,
LS146118,text,two,
LS425540,text,two,
LS569442,text,two,
LS542513,text,two,
LS777862,text,two,
LS756897,text,two,
LS578661,text,two,
LS986393,text,two,
LS405934,text,two,
LS911721,text,two,
LS126861,text,two,
LS184724,text,two,
LS841377,text,two,
LS089154,text,two,
LS030646,text,two,
LS259966,text,two,
LS728509,text,two,
LS497051,text,two,
LS704499,text,two,
LS807569,text,two,
LS017077,text,two,
LS716337,text,two,
LS971290,text,two,
LS004852,text,two,
LS993351,text,two,
LS614201,text,two,
LS938758,text,two,
LS501678,text,two,
LS409573,text,two,
LS383849,text,two,
LS145340,text,two,
LS174703,text,two,
LS077578,text,two,
LS660403,text,two,
LS904021,text,two,
LS484069,text,two,
LS553264,text,two,
LS335751,text,two,
LS668933,text,two,
LS928432,text,two,
LS167244,text,two,
LS619073,text,two,
LS987723,text,two,
LS290588,text,two,
LS505697,text,two,
LS877175,text,two,
LS021516,text,two,
LS554879,text,two,
LS382866,text,two,
LS577637,text,two,
LS068199,text,two,
LS916212,text,two,
LS268956,text,two,
LS764758,text,two,
LS401232,text,two,
LS439604,text,two,
LS850309,text,two,
LS172380,text,two,
LS084723,text,two,
LS862422,text,two,
LS821720,text,two,
LS100991,text,two,
LS135861,text,two,
LS293136,text,two,
LS430832,text,two,
LS337094,text,two,
LS323541,text,two,
LS491919,text,two,
LS482759,text,two,
LS870289,text,two,
LS430560,text,two,
LS313236,text,two,
LS739559,text,two,
LS609267,text,two,
LS124115,text,two,
LS391668,text,two,
LS934632,text,two,
LS319423,text,two,
LS141987,text,two,
LS361199,text,two,
LS312206,text,two,
LS370720,text,two,
LS728459,text,two,
LS564919,text,two,
LS903248,text,two,
LS870447,text,two,
LS328414,text,two,
LS681040,text,two,
LS219353,text,two,
LS167988,text,two,
LS291060,text,two,
LS600450,text,two,
LS436094,text,two,
LS392968,text,two,
LS332523,text,two,
LS602774,text,two,
LS039257,text,two,
LS743939,text,two,
LS133676,text,two,
LS499273,text,two,
LS284590,text,two,
LS134461,text,two,
LS616442,text,two,
LS459838,text,two,
LS133682,text,two,
LS888780,text,two,
LS582814,text,two,
LS003323,text,two,
LS769423,text,two,
LS979836,text,two,
LS536565,text,two,
LS871167,text,two,
LS869202,text,two,
LS724711,text,two,
LS196979,text,two,
LS697001,text,two,
LS762367,text,two,
LS288363,text,two,
LS767405,text,two,
LS320649,text,two,
LS680784,text,two,
LS329255,text,two,
LS762808,text,two,
LS785668,text,two,
LS474524,text,two,
LS360430,text,two,
LS224034,text,two,
LS660273,text,two,
LS445914,text,two,
LS031625,text,two,
LS298180,text,two,
LS371771,text,two,
LS360801,text,two,
LS914682,text,two,
LS190352,text,two,
LS840414,text,two,
LS011259,text,two,
LS281693,text,two,
LS173881,text,two,
LS970474,text,two,
LS473387,text,two,
LS480185,text,two,
LS412001,text,two,
LS570170,text,two,
LS454952,text,two,
LS791600,text,two,
LS053296,text,two,
LS501858,text,two,
LS746122,text,two,
LS238847,text,two,
LS787687,text,two,
LS738778,text,two,
LS167851,text,two,
LS534895,text,two,
LS083250,text,two,
LS080176,text,two,
LS914643,text,two,
LS980386,text,two,
LS090934,text,two,
LS742233,text,two,
LS634817,text,two,
LS600863,text,two,
LS269358,text,two,
LS278754,text,two,
LS556402,text,two,
LS964894,text,two,
LS398761,text,two,
LS895127,text,two,
LS726285,text,two,
LS642844,text,two,
LS568889,text,two,
LS439055,text,two,
LS295398,text,two,
LS643056,text,two,
LS542893,text,two,
LS128332,text,two,
LS786864,text,two,
LS697220,text,two,
LS025174,text,two,
LS100490,text,two,
LS176918,text,two,
LS256508,text,two,
LS757474,text,two,
LS116271,text,two,
LS423942,text,two,
LS908874,text,two,
LS066839,text,two,
LS965019,text,two,
LS765856,text,two,
LS028963,text,two,
LS292063,text,two,
LS937713,text,two,
LS897320,text,two,
LS895323,text,two,
LS020783,text,two,
LS508118,text,two,
LS851344,text,two,
LS998919,text,two,
LS205352,text,two,
LS392459,text,two,
LS935359,text,two,
LS986620,text,two,
LS615318,text,two,
LS647731,text,two,
LS970634,text,two,
LS302951,text,two,
LS476120,text,two,
LS401618,text,two,
LS720918,text,two,
LS392022,text,two,
LS710242,text,two,
LS358960,text,two,
LS864725,text,two,
LS367851,text,two,
LS569698,text,two,
LS839056,text,two,
LS265531,text,two,
LS324736,text,two,
LS051600,text,two,
LS822645,text,two,
LS880773,text,two,
LS362872,text,two,
LS734725,text,two,
LS365130,text,two,
LS596484,text,two,
LS375117,text,two,
LS713337,text,two,
LS168378,text,two,
LS512218,text,two,
LS257068,text,two,
LS143837,text,two,
LS682374,text,two,
LS814530,text,two,
LS334642,text,two,
LS435986,text,two,
LS912677,text,two,
LS740840,text,two,
LS582755,text,two,
LS429782,text,two,
LS808154,text,two,
LS975416,text,two,
LS132358,text,two,
LS064496,text,two,
LS088840,text,two,
LS712447,text,two,
LS252901,text,two,
LS882368,text,two,
LS278913,text,two,
LS481509,text,two,
LS748993,text,two,
LS012566,text,two,
LS304662,text,two,
LS297788,text,two,
LS884030,text,two,
LS324044,text,two,
LS810939,text,two,
LS259061,text,two,
LS073224,text,two,
LS724243,text,two,
LS441338,text,two,
LS804935,text,two,
LS349013,text,two,
LS440923,text,two,
LS996774,text,two,
LS098896,text,two,
LS643092,text,two,
LS510100,text,two,
LS138201,text,two,
LS789235,text,two,
LS695446,text,two,
LS697319,text,two,
LS297216,text,two,
LS142919,text,two,
LS014258,text,two,
LS833048,text,two,
LS768014,text,two,
LS291018,text,two,
LS026850,text,two,
LS784573,text,two,
LS663842,text,two,
LS805542,text,two,
LS924988,text,two,
LS839810,text,two,
LS972094,text,two,
LS569124,text,two,
LS662834,text,two,
LS463925,text,two,
LS996641,text,two,
LS581329,text,two,
LS831795,text,two,
LS519131,text,two,
LS909732,text,two,
LS260171,text,two,
LS936776,text,two,
LS316627,text,two,
LS042073,text,two,
LS967414,text,two,
LS137965,text,two,
LS563305,text,two,
LS470997,text,two,
LS799941,text,two,
LS811410,text,two,
LS269147,text,two,
LS985800,text,two,
LS276525,text,two,
LS162041,text,two,
LS402015,text,two,
LS900667,text,two,
LS715407,text,two,
LS841161,text,two,
LS349033,text,two,
LS093523,text,two,
LS404812,text,two,
LS304913,text,two,
LS350528,text,two,
LS372431,text,two,
LS630122,text,two,
LS472932,text,two,
LS440591,text,two,
LS500761,text,two,
LS981941,text,two,
LS569331,text,two,
LS075116,text,two,
LS676631,text,two,
LS240373,text,two,
LS497361,text,two,
LS236895,text,two,
LS430872,text,two,
LS012402,text,two,
LS102630,text,two,
LS262244,text,two,
LS546826,text,two,
LS257268,text,two,
LS024912,text,two,
LS046327,text,two,
LS412648,text,two,
LS672201,text,two,
LS699805,text,two,
LS449057,text,two,
LS308689,text,two,
LS874648,text,two,
LS061569,text,two,
LS732838,text,two,
LS120435,text,two,
LS118870,text,two,
LS675629,text,two,
LS453986,text,two,
LS145693,text,two,
LS467219,text,two,
LS749093,text,two,
LS971608,text,two,
LS907419,text,two,
LS921874,text,two,
LS656529,text,two,
LS986402,text,two,
LS258249,text,two,
LS838191,text,two,
LS848744,text,two,
LS133248,text,two,
LS880171,text,two,
LS549026,text,two,
LS705758,text,two,
LS838089,text,two,
LS964064,text,two,
LS263582,text,two,
LS199127,text,two,
LS047734,text,two,
LS089686,text,two,
LS781511,text,two,
LS797298,text,two,
LS912287,text,two,
LS323367,text,two,
LS441160,text,two,
LS557340,text,two,
LS789858,text,two,
LS623127,text,two,
LS102425,text,two,
LS550256,text,two,
LS689292,text,two,
LS708096,text,two,
LS765000,text,two,
LS641179,text,two,
LS165480,text,two,
LS463249,text,two,
LS925586,text,two,
LS211859,text,two,
LS404078,text,two,
LS329935,text,two,
LS547674,text,two,
LS754934,text,two,
LS827860,text,two,
LS910932,text,two,
LS705294,text,two,
LS927624,text,two,
LS896367,text,two,
LS446313,text,two,
LS309296,text,two,
LS920962,text,two,
LS687956,text,two,
LS289016,text,two,
LS359324,text,two,
LS949200,text,two,
LS401979,text,two,
LS517582,text,two,
LS924184,text,two,
LS714569,text,two,
LS456284,text,two,
LS047918,text,two,
LS406928,text,two,
LS550528,text,two,
LS925970,text,two,
LS084512,text,two,
LS284817,text,two,
LS340502,text,two,
LS159349,text,two,
LS263204,text,two,
LS925378,text,two,
LS114227,text,two,
LS999137,text,two,
LS972742,text,two,
LS358377,text,two,
LS852193,text,two,
LS314882,text,two,
LS811470,text,two,
LS648609,text,two,
LS317047,text,two,
LS407859,text,two,
LS933327,text,two,
LS375032,text,two,
LS095092,text,two,
LS575325,text,two,
LS401289,text,two,
LS459702,text,two,
LS422727,text,two,
LS163492,text,two,
LS559965,text,two,
LS444328,text,two,
LS685653,text,two,
LS994293,text,two,
LS075298,text,two,
LS115429,text,two,
LS191892,text,two,
LS945687,text,two,
LS137129,text,two,
LS911630,text,two,
LS545535,text,two,
LS248449,text,two,
LS625968,text,two,
LS020978,text,two,
LS110235,text,two,
LS920601,text,two,
LS501357,text,two,
LS331818,text,two,
LS493414,text,two,
LS711235,text,two,
LS923761,text,two,
LS834124,text,two,
LS235254,text,two,
LS028466,text,two,
LS415186,text,two,
LS801256,text,two,
LS892245,text,two,
LS850477,text,two,
LS512970,text,two,
LS209499,text,two,
LS771018,text,two,
LS333623,text,two,
LS855064,text,two,
LS432822,text,two,
LS683728,text,two,
LS089010,text,two,
LS236315,text,two,
LS516462,text,two,
LS015806,text,two,
LS202441,text,two,
LS641248,text,two,
LS107041,text,two,
LS349376,text,two,
LS518573,text,two,
LS350098,text,two,
LS030193,text,two,
LS860662,text,two,
LS324559,text,two,
LS559186,text,two,
LS040392,text,two,
LS530697,text,two,
LS221577,text,two,
LS831287,text,two,
LS765698,text,two,
LS548300,text,two,
LS992996,text,two,
LS429455,text,two,
LS044125,text,two,
LS568292,text,two,
LS208057,text,two,
LS686646,text,two,
LS790576,text,two,
LS328732,text,two,
LS163719,text,two,
LS430442,text,two,
LS822341,text,two,
LS920126,text,two,
LS104638,text,two,
LS814939,text,two,
LS501308,text,two,
LS808557,text,two,
LS083528,text,two,
LS378138,text,two,
LS192163,text,two,
LS558025,text,two,
LS256832,text,two,
LS079445,text,two,
LS113095,text,two,
LS156898,text,two,
LS670211,text,two,
LS950019,text,two,
LS504573,text,two,
LS602808,text,two,
LS649187,text,two,
LS344334,text,two,
LS180977,text,two,
LS108296,text,two,
LS930439,text,two,
LS939774,text,two,
LS951752,text,two,
LS019361,text,two,
LS156284,text,two,
LS332103,text,two,
LS090837,text,two,
LS241835,text,two,
LS294962,text,two,
LS694736,text,two,
LS097498,text,two,
LS745261,text,two,
LS854283,text,two,
LS636899,text,two,
LS770753,text,two,
LS810606,text,two,
LS144546,text,two,
LS680065,text,two,
LS035281,text,two,
LS890218,text,two,
LS882315,text,two,
LS001689,text,two,
LS820517,text,two,
LS725796,text,two,
LS426455,text,two,
LS353398,text,two,
LS382536,text,two,
LS040033,text,two,
LS353471,text,two,
LS466228,text,two,
LS241663,text,two,
LS042342,text,two,
LS669742,text,two,
LS229636,text,two,
LS787130,text,two,
LS134060,text,two,
LS492893,text,two,
LS365607,text,two,
LS713772,text,two,
LS642635,text,two,
LS120863,text,two,
LS992118,text,two,
LS525674,text,two,
LS384650,text,two,
LS255971,text,two,
LS233081,text,two,
LS109003,text,two,
LS219577,text,two,
LS603432,text,two,
LS132766,text,two,
LS787278,text,two,
LS967688,text,two,
LS620681,text,two,
LS969915,text,two,
LS196476,text,two,
LS587330,text,two,
LS891433,text,two,
LS949184,text,two,
LS945130,text,two,
LS799899,text,two,
LS396053,text,two,
LS958732,text,two,
LS505329,text,two,
LS459206,text,two,
LS513704,text,two,
LS339507,text,two,
LS662616,text,two,
LS511600,text,two,
LS469303,text,two,
LS117232,text,two,
LS139027,text,two,
LS527553,text,two,
LS802090,text,two,
LS529276,text,two,
LS474406,text,two,
LS975916,text,two,
LS057057,text,two,
LS168636,text,two,
LS310170,text,two,
LS957663,text,two,
LS509955,text,two,
LS518514,text,two,
LS129627,text,two,
LS855963,text,two,
LS912224,text,two,
LS591406,text,two,
LS144567,text,two,
LS446381,text,two,
LS906977,text,two,
LS951157,text,two,
LS171582,text,two,
LS211521,text,two,
LS107128,text,two,
LS117170,text,two,
LS193992,text,two,
LS809111,text,two,
LS322030,text,two,
LS160671,text,two,
LS835414,text,two,
LS816678,text,two,
LS533629,text,two,
LS536468,text,two,
LS745848,text,two,
LS978563,text,two,
LS725556,text,two,
LS786110,text,two,
LS142827,text,two,
LS818625,text,two,
LS350080,text,two,
LS952096,text,two,
LS355978,text,two,
LS294891,text,two,
LS853278,text,two,
LS797360,text,two,
LS101901,text,two,
LS819357,text,two,
LS667570,text,two,
LS352255,text,two,
LS650011,text,two,
LS474573,text,two,
LS351838,text,two,
LS112788,text,two,
LS844824,text,two,
LS791625,text,two,
LS718008,text,two,
LS214112,text,two,
LS658946,text,two,
LS753646,text,two,
LS818748,text,two,
LS529145,text,two,
LS051281,text,two,
LS063957,text,two,
LS105791,text,two,
LS169647,text,two,
LS921506,text,two,
LS765230,text,two,
LS170079,text,two,
LS675019,text,two,
LS455804,text,two,
LS770493,text,two,
LS478492,text,two,
LS713966,text,two,
LS639502,text,two,
LS028872,text,two,
LS592326,text,two,
LS370824,text,two,
LS781186,text,two,
LS932271,text,two,
LS365900,text,two,
LS818944,text,two,
LS093149,text,two,
LS264215,text,two,
LS930665,text,two,
LS860556,text,two,
LS509492,text,two,
LS640142,text,two,
LS246643,text,two,
LS390919,text,two,
LS684191,text,two,
LS852890,text,two,
LS222740,text,two,
LS889813,text,two,
LS617300,text,two,
LS414042,text,two,
LS020502,text,two,
LS614735,text,two,
LS136580,text,two,
LS141546,text,two,
LS191273,text,two,
LS356597,text,two,
LS996373,text,two,
LS587112,text,two,
LS579739,text,two,
LS629956,text,two,
LS013435,text,two,
LS747140,text,two,
LS268919,text,two,
LS895508,text,two,
LS176227,text,two,
LS004262,text,two,
LS472015,text,two,
LS399591,text,two,
LS898133,text,two,
LS637930,text,two,
LS159178,text,two,
LS733263,text,two,
LS307350,text,two,
LS874176,text,two,
LS623888,text,two,
LS763400,text,two,
LS109104,text,two,
LS717434,text,two,
LS101690,text,two,
LS478542,text,two,
LS074157,text,two,
LS591225,text,two,
LS770003,text,two,
LS193659,text,two,
LS618382,text,two,
LS013796,text,two,
LS485086,text,two,
LS820173,text,two,
LS542414,text,two,
LS040743,text,two,
LS997758,text,two,
LS806619,text,two,
LS837392,text,two,
LS756522,text,two,
LS126840,text,two,
LS299881,text,two,
LS544234,text,two,
LS639991,text,two,
LS036060,text,two,
LS560114,text,two,
LS043090,text,two,
LS980424,text,two,
LS738364,text,two,
LS082250,text,two,
LS663455,text,two,
LS671063,text,two,
LS127558,text,two,
LS180939,text,two,
LS671205,text,two,
LS024886,text,two,
LS504782,text,two,
LS088769,text,two,
LS933301,text,two,
LS778865,text,two,
LS040682,text,two,
LS514560,text,two,
LS468428,text,two,
LS176156,text,two,
LS409041,text,two,
LS274035,text,two,
LS600553,text,two,
LS014729,text,two,
LS372375,text,two,
LS274280,text,two,
LS341129,text,two,
LS867353,text,two,
LS007714,text,two,
LS828018,text,two,
LS290756,text,two,
LS977501,text,two,
LS050723,text,two,
LS431745,text,two,
LS640536,text,two,
LS342229,text,two,
LS695163,text,two,
LS176679,text,two,
LS303931,text,two,
LS937052,text,two,
LS773655,text,two,
LS668236,text,two,
LS924394,text,two,
LS394819,text,two,
LS040793,text,two,
LS991675,text,two,
LS890431,text,two,
LS098820,text,two,
LS504072,text,two,
LS721235,text,two,
LS125570,text,two,
LS937800,text,two,
LS065595,text,two,
LS982707,text,two,
LS632066,text,two,
LS556735,text,two,
LS411966,text,two,
LS785986,text,two,
LS875638,text,two,
LS429164,text,two,
LS072702,text,two,
LS781476,text,two,
LS292348,text,two,
LS149369,text,two,
LS500447,text,two,
LS881174,text,two,
LS708518,text,two,
LS641187,text,two,
LS988947,text,two,
LS239277,text,two,
LS471107,text,two,
LS905980,text,two,
LS102378,text,two,
LS586610,text,two,
LS497280,text,two,
LS940985,text,two,
LS837681,text,two,
LS120934,text,two,
LS640420,text,two,
LS308580,text,two,
LS087358,text,two,
LS978504,text,two,
LS498137,text,two,
LS241455,text,two,
LS945996,text,two,
LS137736,text,two,
LS418565,text,two,
LS574454,text,two,
LS742497,text,two,
LS883321,text,two,
LS099994,text,two,
LS659746,text,two,
LS803756,text,two,
LS983712,text,two,
LS177921,text,two,
LS145715,text,two,
LS786095,text,two,
LS501153,text,two,
LS806959,text,two,
LS825103,text,two,
LS104552,text,two,
LS518639,text,two,
LS706394,text,two,
LS680441,text,two,
LS725475,text,two,
LS265289,text,two,
LS893144,text,two,
LS714380,text,two,
LS901969,text,two,
LS015598,text,two,
LS742215,text,two,
LS698615,text,two,
LS900313,text,two,
LS602728,text,two,
LS878348,text,two,
LS199044,text,two,
LS779676,text,two,
LS150843,text,two,
LS228582,text,two,
LS114898,text,two,
LS881483,text,two,
LS700713,text,two,
LS980947,text,two,
LS003996,text,two,
LS872690,text,two,
LS982432,text,two,
LS517764,text,two,
LS824551,text,two,
LS155822,text,two,
LS105590,text,two,
LS659177,text,two,
LS418851,text,two,
LS450584,text,two,
LS553797,text,two,
LS595411,text,two,
LS557099,text,two,
LS463819,text,two,
LS634236,text,two,
LS140114,text,two,
LS725862,text,two,
LS023156,text,two,
LS086449,text,two,
LS316341,text,two,
LS935557,text,two,
LS833583,text,two,
LS120881,text,two,
LS469399,text,two,
LS639633,text,two,
LS732440,text,two,
LS253659,text,two,
LS024985,text,two,
LS565025,text,two,
LS938206,text,two,
LS068483,text,two,
LS120210,text,two,
LS905005,text,two,
LS240733,text,two,
LS983197,text,two,
LS964208,text,two,
LS399331,text,two,
LS691634,text,two,
LS997620,text,two,
LS747266,text,two,
LS745696,text,two,
LS332923,text,two,
LS653537,text,two,
LS517620,text,two,
LS769259,text,two,
LS136448,text,two,
LS930958,text,two,
LS986121,text,two,
LS768586,text,two,
LS396565,text,two,
LS477226,text,two,
LS944354,text,two,
LS165909,text,two,
LS495711,text,two,
LS068430,text,two,
